date,systolic,diastolic,source
2020-08-09 06:27:00 +0900,127.0,91.0,ヘルスケア
2020-08-10 06:33:00 +0900,138.0,98.0,ヘルスケア
2020-08-11 06:56:00 +0900,123.0,86.0,ヘルスケア
2020-08-12 06:39:00 +0900,127.0,93.0,ヘルスケア
2020-08-15 06:20:39 +0900,136.0,99.0,Withings
2020-08-15 06:20:39 +0900,136.0,99.0,Withings
2020-08-15 06:20:39 +0900,136.0,99.0,Withings
2020-08-15 13:17:00 +0900,133.0,92.0,ヘルスケア
2020-08-16 15:26:00 +0900,118.0,88.0,ヘルスケア
2020-08-17 06:32:00 +0900,125.0,83.0,ヘルスケア
2020-08-18 14:49:00 +0900,139.0,109.0,ヘルスケア
2020-08-19 07:16:00 +0900,123.0,93.0,ヘルスケア
2020-08-22 19:30:59 +0900,122.0,103.0,Withings
2020-08-22 19:30:59 +0900,122.0,103.0,Withings
2020-08-22 19:30:59 +0900,122.0,103.0,Withings
2020-08-24 07:06:58 +0900,129.0,101.0,Withings
2020-08-24 07:06:58 +0900,129.0,101.0,Withings
2020-08-24 07:06:58 +0900,129.0,101.0,Withings
2020-08-27 07:34:59 +0900,133.0,98.0,Withings
2020-08-27 07:34:59 +0900,133.0,98.0,Withings
2020-08-27 07:34:59 +0900,133.0,98.0,Withings
2020-08-30 06:48:13 +0900,129.0,83.0,Withings
2020-08-30 06:48:13 +0900,129.0,83.0,Withings
2020-08-30 06:48:13 +0900,129.0,83.0,Withings
2020-09-02 06:40:40 +0900,131.0,93.0,Withings
2020-09-02 06:40:40 +0900,131.0,93.0,Withings
2020-09-02 06:40:40 +0900,131.0,93.0,Withings
2020-09-02 15:08:03 +0900,130.0,97.0,Withings
2020-09-02 15:08:03 +0900,130.0,97.0,Withings
2020-09-02 15:08:03 +0900,130.0,97.0,Withings
2020-09-04 07:42:54 +0900,129.0,83.0,Withings
2020-09-04 07:42:54 +0900,129.0,83.0,Withings
2020-09-04 07:42:54 +0900,129.0,83.0,Withings
2020-09-05 07:09:19 +0900,133.0,92.0,Withings
2020-09-05 07:09:19 +0900,133.0,92.0,Withings
2020-09-05 07:09:19 +0900,133.0,92.0,Withings
2020-09-06 06:37:34 +0900,134.0,86.0,Withings
2020-09-06 06:37:34 +0900,134.0,86.0,Withings
2020-09-06 06:37:34 +0900,134.0,86.0,Withings
2021-01-02 19:56:00 +0900,146.0,97.0,ヘルスケア
2021-01-03 20:29:09 +0900,145.0,88.0,Withings
2021-01-03 20:29:09 +0900,145.0,88.0,Withings
2021-01-04 19:24:01 +0900,147.0,100.0,Withings
2021-01-04 19:24:01 +0900,147.0,100.0,Withings
2021-01-05 19:04:55 +0900,157.0,107.0,Withings
2021-01-05 19:04:55 +0900,157.0,107.0,Withings
2021-01-06 22:21:01 +0900,146.0,105.0,Withings
2021-01-06 22:21:01 +0900,146.0,105.0,Withings
2021-01-07 23:05:06 +0900,146.0,93.0,Withings
2021-01-07 23:05:06 +0900,146.0,93.0,Withings
2021-01-08 20:33:10 +0900,162.0,112.0,Withings
2021-01-08 20:33:10 +0900,162.0,112.0,Withings
2021-01-09 19:35:51 +0900,141.0,102.0,Withings
2021-01-09 19:35:51 +0900,141.0,102.0,Withings
2021-01-10 19:26:59 +0900,153.0,98.0,Withings
2021-01-10 19:26:59 +0900,153.0,98.0,Withings
2021-01-11 19:23:57 +0900,166.0,103.0,Withings
2021-01-11 19:23:57 +0900,166.0,103.0,Withings
2021-01-12 19:13:48 +0900,153.0,112.0,Withings
2021-01-12 19:13:48 +0900,153.0,112.0,Withings
2021-01-13 19:20:05 +0900,163.0,111.0,Withings
2021-01-13 19:20:05 +0900,163.0,111.0,Withings
2021-01-14 19:13:51 +0900,158.0,114.0,Withings
2021-01-14 19:13:51 +0900,158.0,114.0,Withings
2021-01-15 19:28:14 +0900,144.0,107.0,Withings
2021-01-15 19:28:14 +0900,144.0,107.0,Withings
2021-01-16 19:14:15 +0900,168.0,114.0,Withings
2021-01-16 19:14:15 +0900,168.0,114.0,Withings
2021-01-17 20:05:01 +0900,153.0,95.0,Withings
2021-01-17 20:05:01 +0900,153.0,95.0,Withings
2021-01-18 22:02:39 +0900,143.0,109.0,Withings
2021-01-18 22:02:39 +0900,143.0,109.0,Withings
2021-01-19 18:52:32 +0900,162.0,115.0,Withings
2021-01-19 18:52:32 +0900,162.0,115.0,Withings
2021-01-20 19:57:25 +0900,161.0,112.0,Withings
2021-01-20 19:57:25 +0900,161.0,112.0,Withings
2021-01-21 20:44:41 +0900,145.0,105.0,Withings
2021-01-21 20:44:41 +0900,145.0,105.0,Withings
2021-01-22 19:02:07 +0900,162.0,109.0,Withings
2021-01-22 19:02:07 +0900,162.0,109.0,Withings
2021-01-23 19:19:31 +0900,153.0,112.0,Withings
2021-01-23 19:19:31 +0900,153.0,112.0,Withings
2021-01-24 19:52:25 +0900,147.0,112.0,Withings
2021-01-24 19:52:25 +0900,147.0,112.0,Withings
2021-01-25 18:54:38 +0900,163.0,106.0,Withings
2021-01-25 18:54:38 +0900,163.0,106.0,Withings
2021-01-26 20:07:13 +0900,165.0,112.0,Withings
2021-01-26 20:07:13 +0900,165.0,112.0,Withings
2021-01-27 18:50:05 +0900,165.0,109.0,Withings
2021-01-27 18:50:05 +0900,165.0,109.0,Withings
2021-01-28 18:52:51 +0900,150.0,101.0,Withings
2021-01-28 18:52:51 +0900,150.0,101.0,Withings
2021-01-29 19:21:20 +0900,167.0,111.0,Withings
2021-01-29 19:21:20 +0900,167.0,111.0,Withings
2021-01-30 19:46:07 +0900,139.0,96.0,Withings
2021-01-30 19:46:07 +0900,139.0,96.0,Withings
2021-01-31 19:06:24 +0900,150.0,106.0,Withings
2021-01-31 19:06:24 +0900,150.0,106.0,Withings
2021-02-01 20:00:30 +0900,155.0,110.0,Withings
2021-02-01 20:00:30 +0900,155.0,110.0,Withings
2021-02-02 23:23:23 +0900,154.0,104.0,Withings
2021-02-02 23:23:23 +0900,154.0,104.0,Withings
2021-02-03 19:35:15 +0900,163.0,108.0,Withings
2021-02-03 19:35:15 +0900,163.0,108.0,Withings
2021-02-04 23:10:27 +0900,150.0,93.0,Withings
2021-02-04 23:10:27 +0900,150.0,93.0,Withings
2021-02-05 19:25:50 +0900,165.0,118.0,Withings
2021-02-05 19:25:50 +0900,165.0,118.0,Withings
2021-02-06 21:13:23 +0900,157.0,102.0,Withings
2021-02-06 21:13:23 +0900,157.0,102.0,Withings
2021-02-07 19:37:18 +0900,151.0,99.0,Withings
2021-02-07 19:37:18 +0900,151.0,99.0,Withings
2021-02-08 19:11:10 +0900,165.0,113.0,Withings
2021-02-08 19:11:10 +0900,165.0,113.0,Withings
2021-02-09 19:06:59 +0900,147.0,116.0,Withings
2021-02-09 19:06:59 +0900,147.0,116.0,Withings
2021-02-10 19:12:32 +0900,174.0,128.0,Withings
2021-02-10 19:12:32 +0900,174.0,128.0,Withings
2021-02-11 18:57:54 +0900,162.0,118.0,Withings
2021-02-11 18:57:54 +0900,162.0,118.0,Withings
2021-02-12 19:50:21 +0900,151.0,108.0,Withings
2021-02-12 19:50:21 +0900,151.0,108.0,Withings
2021-02-13 19:22:29 +0900,138.0,98.0,Withings
2021-02-13 19:22:29 +0900,138.0,98.0,Withings
2021-02-14 19:06:20 +0900,154.0,116.0,Withings
2021-02-14 19:06:20 +0900,154.0,116.0,Withings
2021-02-15 21:28:43 +0900,153.0,118.0,Withings
2021-02-15 21:28:43 +0900,153.0,118.0,Withings
2021-02-16 18:35:03 +0900,157.0,108.0,Withings
2021-02-16 18:35:03 +0900,157.0,108.0,Withings
2021-02-17 18:43:05 +0900,144.0,107.0,Withings
2021-02-17 18:43:05 +0900,144.0,107.0,Withings
2021-02-18 19:51:15 +0900,164.0,128.0,Withings
2021-02-18 19:51:15 +0900,164.0,128.0,Withings
2021-02-19 20:02:03 +0900,171.0,115.0,Withings
2021-02-19 20:02:03 +0900,171.0,115.0,Withings
2021-02-20 19:00:40 +0900,150.0,93.0,Withings
2021-02-20 19:00:40 +0900,150.0,93.0,Withings
2021-02-21 22:03:09 +0900,146.0,104.0,Withings
2021-02-21 22:03:09 +0900,146.0,104.0,Withings
2021-02-22 07:46:34 +0900,140.0,96.0,Withings
2021-02-22 07:46:34 +0900,140.0,96.0,Withings
2021-02-22 19:02:18 +0900,139.0,89.0,Withings
2021-02-22 19:02:18 +0900,139.0,89.0,Withings
2021-02-23 20:20:19 +0900,142.0,97.0,Withings
2021-02-23 20:20:19 +0900,142.0,97.0,Withings
2021-02-24 19:29:12 +0900,146.0,101.0,Withings
2021-02-24 19:29:12 +0900,146.0,101.0,Withings
2021-02-25 19:45:25 +0900,155.0,103.0,Withings
2021-02-25 19:45:25 +0900,155.0,103.0,Withings
2021-02-26 18:45:54 +0900,158.0,107.0,Withings
2021-02-26 18:45:54 +0900,158.0,107.0,Withings
2021-02-27 08:59:39 +0900,141.0,109.0,Withings
2021-02-27 08:59:39 +0900,141.0,109.0,Withings
2021-02-27 19:45:46 +0900,138.0,95.0,Withings
2021-02-27 19:45:46 +0900,138.0,95.0,Withings
2021-02-28 19:43:19 +0900,144.0,93.0,Withings
2021-02-28 19:43:19 +0900,144.0,93.0,Withings
2021-03-01 19:30:07 +0900,156.0,109.0,Withings
2021-03-01 19:30:07 +0900,156.0,109.0,Withings
2021-03-02 19:05:04 +0900,139.0,108.0,Withings
2021-03-02 19:05:04 +0900,139.0,108.0,Withings
2021-03-03 18:42:07 +0900,146.0,113.0,Withings
2021-03-03 18:42:07 +0900,146.0,113.0,Withings
2021-03-04 20:24:24 +0900,136.0,92.0,Withings
2021-03-04 20:24:24 +0900,136.0,92.0,Withings
2021-03-05 19:02:51 +0900,150.0,96.0,Withings
2021-03-05 19:02:51 +0900,150.0,96.0,Withings
2021-03-06 19:15:28 +0900,156.0,89.0,Withings
2021-03-06 19:15:28 +0900,156.0,89.0,Withings
2021-03-07 19:31:13 +0900,147.0,97.0,Withings
2021-03-07 19:31:13 +0900,147.0,97.0,Withings
2021-03-08 18:53:52 +0900,161.0,105.0,Withings
2021-03-08 18:53:52 +0900,161.0,105.0,Withings
2021-03-09 07:44:35 +0900,149.0,104.0,Withings
2021-03-09 07:44:35 +0900,149.0,104.0,Withings
2021-03-09 19:49:40 +0900,155.0,112.0,Withings
2021-03-09 19:49:40 +0900,155.0,112.0,Withings
2021-03-10 19:25:18 +0900,159.0,99.0,Withings
2021-03-10 19:25:18 +0900,159.0,99.0,Withings
2021-03-11 19:20:13 +0900,132.0,98.0,Withings
2021-03-11 19:20:13 +0900,132.0,98.0,Withings
2021-03-12 19:55:59 +0900,139.0,93.0,Withings
2021-03-12 19:55:59 +0900,139.0,93.0,Withings
2021-03-13 19:22:24 +0900,129.0,83.0,Withings
2021-03-13 19:22:24 +0900,129.0,83.0,Withings
2021-03-14 19:06:49 +0900,144.0,97.0,Withings
2021-03-14 19:06:49 +0900,144.0,97.0,Withings
2021-03-15 19:16:31 +0900,128.0,94.0,Withings
2021-03-15 19:16:31 +0900,128.0,94.0,Withings
2021-03-16 18:40:58 +0900,145.0,96.0,Withings
2021-03-16 18:40:58 +0900,145.0,96.0,Withings
2021-03-17 19:40:50 +0900,148.0,106.0,Withings
2021-03-17 19:40:50 +0900,148.0,106.0,Withings
2021-03-18 19:25:45 +0900,142.0,99.0,Withings
2021-03-18 19:25:45 +0900,142.0,99.0,Withings
2021-03-19 12:55:05 +0900,132.0,86.0,Withings
2021-03-19 12:55:05 +0900,132.0,86.0,Withings
2021-03-19 20:09:29 +0900,142.0,96.0,Withings
2021-03-19 20:09:29 +0900,142.0,96.0,Withings
2021-03-20 19:42:49 +0900,128.0,75.0,Withings
2021-03-20 19:42:49 +0900,128.0,75.0,Withings
2021-03-21 09:18:57 +0900,133.0,94.0,Withings
2021-03-21 09:18:57 +0900,133.0,94.0,Withings
2021-03-21 19:07:55 +0900,144.0,98.0,Withings
2021-03-21 19:07:55 +0900,144.0,98.0,Withings
2021-03-22 07:45:24 +0900,134.0,102.0,Withings
2021-03-22 07:45:24 +0900,134.0,102.0,Withings
2021-03-23 19:18:10 +0900,141.0,106.0,Withings
2021-03-23 19:18:10 +0900,141.0,106.0,Withings
2021-03-24 19:28:37 +0900,141.0,106.0,Withings
2021-03-24 19:28:37 +0900,141.0,106.0,Withings
2021-03-24 19:28:54 +0900,157.0,100.0,Withings
2021-03-24 19:28:54 +0900,157.0,100.0,Withings
2021-03-25 19:03:22 +0900,154.0,103.0,Withings
2021-03-25 19:03:22 +0900,154.0,103.0,Withings
2021-03-26 19:24:50 +0900,146.0,101.0,Withings
2021-03-26 19:24:50 +0900,146.0,101.0,Withings
2021-03-27 18:51:57 +0900,138.0,96.0,Withings
2021-03-27 18:51:57 +0900,138.0,96.0,Withings
2021-03-28 19:24:45 +0900,123.0,76.0,Withings
2021-03-28 19:24:45 +0900,123.0,76.0,Withings
2021-03-29 12:55:13 +0900,134.0,83.0,Withings
2021-03-29 12:55:13 +0900,134.0,83.0,Withings
2021-03-29 18:56:12 +0900,142.0,88.0,Withings
2021-03-29 18:56:12 +0900,142.0,88.0,Withings
2021-03-30 19:13:52 +0900,130.0,91.0,Withings
2021-03-30 19:13:52 +0900,130.0,91.0,Withings
2021-03-31 18:53:28 +0900,130.0,94.0,Withings
2021-03-31 18:53:28 +0900,130.0,94.0,Withings
2021-04-01 19:13:28 +0900,131.0,94.0,Withings
2021-04-01 19:13:28 +0900,131.0,94.0,Withings
2021-04-02 19:31:19 +0900,139.0,89.0,Withings
2021-04-02 19:31:19 +0900,139.0,89.0,Withings
2021-04-03 19:32:42 +0900,132.0,92.0,Withings
2021-04-03 19:32:42 +0900,132.0,92.0,Withings
2021-04-04 19:13:30 +0900,123.0,78.0,Withings
2021-04-04 19:13:30 +0900,123.0,78.0,Withings
2021-04-05 19:50:26 +0900,138.0,93.0,Withings
2021-04-05 19:50:26 +0900,138.0,93.0,Withings
2021-04-06 19:12:21 +0900,151.0,104.0,Withings
2021-04-06 19:12:21 +0900,151.0,104.0,Withings
2021-04-07 18:59:44 +0900,142.0,94.0,Withings
2021-04-07 18:59:44 +0900,142.0,94.0,Withings
2021-04-08 18:52:26 +0900,132.0,92.0,Withings
2021-04-08 18:52:26 +0900,132.0,92.0,Withings
2021-04-09 19:22:43 +0900,147.0,104.0,Withings
2021-04-09 19:22:43 +0900,147.0,104.0,Withings
2021-04-10 20:02:41 +0900,127.0,85.0,Withings
2021-04-10 20:02:41 +0900,127.0,85.0,Withings
2021-04-11 19:09:36 +0900,127.0,81.0,Withings
2021-04-11 19:09:36 +0900,127.0,81.0,Withings
2021-04-12 19:09:40 +0900,136.0,97.0,Withings
2021-04-12 19:09:40 +0900,136.0,97.0,Withings
2021-04-13 19:18:47 +0900,144.0,100.0,Withings
2021-04-13 19:18:47 +0900,144.0,100.0,Withings
2021-04-15 19:03:47 +0900,131.0,101.0,Withings
2021-04-15 19:03:47 +0900,131.0,101.0,Withings
2021-04-16 19:11:42 +0900,135.0,90.0,Withings
2021-04-16 19:11:42 +0900,135.0,90.0,Withings
2021-04-17 19:41:38 +0900,127.0,87.0,Withings
2021-04-17 19:41:38 +0900,127.0,87.0,Withings
2021-04-18 19:35:03 +0900,130.0,85.0,Withings
2021-04-18 19:35:03 +0900,130.0,85.0,Withings
2021-04-19 19:34:21 +0900,125.0,85.0,Withings
2021-04-19 19:34:21 +0900,125.0,85.0,Withings
2021-04-20 18:57:44 +0900,128.0,87.0,Withings
2021-04-20 18:57:44 +0900,128.0,87.0,Withings
2021-04-21 19:18:49 +0900,131.0,89.0,Withings
2021-04-21 19:18:49 +0900,131.0,89.0,Withings
2021-04-22 19:10:54 +0900,128.0,96.0,Withings
2021-04-22 19:10:54 +0900,128.0,96.0,Withings
2021-04-23 19:51:51 +0900,119.0,87.0,Withings
2021-04-23 19:51:51 +0900,119.0,87.0,Withings
2021-04-24 22:34:47 +0900,126.0,85.0,Withings
2021-04-24 22:34:47 +0900,126.0,85.0,Withings
2021-04-25 19:05:41 +0900,125.0,74.0,Withings
2021-04-25 19:05:41 +0900,125.0,74.0,Withings
2021-04-26 15:00:35 +0900,153.0,87.0,Withings
2021-04-26 15:00:35 +0900,153.0,87.0,Withings
2021-04-27 09:15:30 +0900,143.0,97.0,Withings
2021-04-27 09:15:30 +0900,143.0,97.0,Withings
2021-04-27 14:42:50 +0900,130.0,88.0,Withings
2021-04-27 14:42:50 +0900,130.0,88.0,Withings
2021-04-28 07:23:52 +0900,134.0,78.0,Withings
2021-04-28 07:23:52 +0900,134.0,78.0,Withings
2021-04-28 10:56:18 +0900,121.0,94.0,Withings
2021-04-28 10:56:18 +0900,121.0,94.0,Withings
2021-04-28 12:35:46 +0900,114.0,82.0,Withings
2021-04-28 12:35:46 +0900,114.0,82.0,Withings
2021-04-28 15:15:00 +0900,124.0,89.0,Withings
2021-04-28 15:15:00 +0900,124.0,89.0,Withings
2021-04-29 06:48:20 +0900,112.0,70.0,Withings
2021-04-29 06:48:20 +0900,112.0,70.0,Withings
2021-04-29 14:23:15 +0900,102.0,75.0,Withings
2021-04-29 14:23:15 +0900,102.0,75.0,Withings
2021-04-30 15:44:34 +0900,131.0,72.0,Withings
2021-04-30 15:44:34 +0900,131.0,72.0,Withings
2021-05-01 10:48:24 +0900,128.0,68.0,Withings
2021-05-01 10:48:24 +0900,128.0,68.0,Withings
2021-05-02 10:10:58 +0900,130.0,82.0,Withings
2021-05-02 10:10:58 +0900,130.0,82.0,Withings
2021-05-02 15:47:15 +0900,152.0,88.0,Withings
2021-05-02 15:47:15 +0900,152.0,88.0,Withings
2021-05-03 07:05:55 +0900,153.0,101.0,Withings
2021-05-03 07:05:55 +0900,153.0,101.0,Withings
2021-05-03 15:19:53 +0900,132.0,90.0,Withings
2021-05-03 15:19:53 +0900,132.0,90.0,Withings
2021-05-05 09:33:39 +0900,135.0,100.0,Withings
2021-05-05 09:33:39 +0900,135.0,100.0,Withings
2021-05-06 10:35:41 +0900,130.0,86.0,Withings
2021-05-06 10:35:41 +0900,130.0,86.0,Withings
2021-05-06 16:03:49 +0900,130.0,90.0,Withings
2021-05-06 16:03:49 +0900,130.0,90.0,Withings
2021-05-11 09:01:16 +0900,136.0,93.0,Withings
2021-05-11 09:01:16 +0900,136.0,93.0,Withings
2021-05-11 14:32:25 +0900,125.0,87.0,Withings
2021-05-11 14:32:25 +0900,125.0,87.0,Withings
2021-05-13 15:20:24 +0900,144.0,105.0,Withings
2021-05-13 15:20:24 +0900,144.0,105.0,Withings
2021-05-14 14:39:37 +0900,150.0,90.0,Withings
2021-05-14 14:39:37 +0900,150.0,90.0,Withings
2021-05-16 09:35:00 +0900,134.0,104.0,Withings
2021-05-16 09:35:00 +0900,134.0,104.0,Withings
2021-05-16 14:59:53 +0900,140.0,93.0,Withings
2021-05-16 14:59:53 +0900,140.0,93.0,Withings
2021-05-17 09:25:35 +0900,138.0,98.0,Withings
2021-05-17 09:25:35 +0900,138.0,98.0,Withings
2021-05-17 14:34:00 +0900,134.0,95.0,Withings
2021-05-17 14:34:00 +0900,134.0,95.0,Withings
2021-05-18 14:21:09 +0900,119.0,85.0,Withings
2021-05-18 14:21:09 +0900,119.0,85.0,Withings
2021-05-19 09:50:04 +0900,136.0,97.0,Withings
2021-05-19 09:50:04 +0900,136.0,97.0,Withings
2021-05-19 18:40:28 +0900,144.0,99.0,Withings
2021-05-19 18:40:28 +0900,144.0,99.0,Withings
2021-05-20 17:51:45 +0900,144.0,94.0,ショートカット
2021-05-21 09:05:52 +0900,135.0,93.0,ショートカット
2021-05-24 10:28:46 +0900,135.0,102.0,ショートカット
2021-05-25 09:00:00 +0900,153.0,105.0,ヘルスケア
2021-05-27 09:27:00 +0900,129.0,84.0,ヘルスケア
2021-05-28 09:17:02 +0900,128.0,89.0,ショートカット
2021-05-29 09:54:54 +0900,134.0,94.0,ショートカット
2021-05-30 19:02:16 +0900,146.0,92.0,ショートカット
2021-05-31 13:01:50 +0900,129.0,94.0,ショートカット
2021-06-02 19:13:57 +0900,141.0,99.0,ショートカット
2021-06-03 19:34:33 +0900,140.0,87.0,Withings
2021-06-03 19:34:33 +0900,140.0,87.0,Withings
2021-06-03 19:34:33 +0900,140.0,87.0,Withings
2021-06-07 19:19:05 +0900,152.0,93.0,Withings
2021-06-07 19:19:05 +0900,152.0,93.0,Withings
2021-06-07 19:19:05 +0900,152.0,93.0,Withings
2021-06-11 22:17:53 +0900,159.0,99.0,Withings
2021-06-11 22:17:53 +0900,159.0,99.0,Withings
2021-06-11 22:17:53 +0900,159.0,99.0,Withings
2021-06-12 14:12:50 +0900,124.0,83.0,ショートカット
2021-06-13 19:19:53 +0900,150.0,99.0,ショートカット
2021-06-14 19:55:18 +0900,153.0,98.0,ショートカット
2021-06-16 20:01:19 +0900,136.0,84.0,Withings
2021-06-16 20:01:19 +0900,136.0,84.0,Withings
2021-06-16 20:01:19 +0900,136.0,84.0,Withings
2021-06-17 20:59:21 +0900,136.0,87.0,ショートカット
2021-06-18 20:27:02 +0900,138.0,83.0,ショートカット
2021-06-19 22:05:09 +0900,153.0,103.0,ショートカット
2021-06-20 20:22:23 +0900,150.0,103.0,ショートカット
2021-06-21 21:21:25 +0900,153.0,101.0,Withings
2021-06-21 21:21:25 +0900,153.0,101.0,Withings
2021-06-21 21:21:25 +0900,153.0,101.0,Withings
2021-06-23 20:36:37 +0900,138.0,92.0,ショートカット
2021-06-25 18:59:35 +0900,151.0,101.0,ショートカット
2021-06-26 20:37:06 +0900,134.0,83.0,ショートカット
2021-06-27 21:05:04 +0900,135.0,88.0,Withings
2021-06-27 21:05:04 +0900,135.0,88.0,Withings
2021-06-27 21:05:04 +0900,135.0,88.0,Withings
2021-06-28 23:17:21 +0900,153.0,104.0,Withings
2021-06-28 23:17:21 +0900,153.0,104.0,Withings
2021-06-28 23:17:21 +0900,153.0,104.0,Withings
2021-07-01 22:10:23 +0900,149.0,104.0,ショートカット
2021-07-02 19:43:23 +0900,144.0,93.0,ショートカット
2021-07-03 22:00:08 +0900,140.0,94.0,ショートカット
2021-07-04 20:50:56 +0900,117.0,77.0,ショートカット
2021-07-08 19:42:03 +0900,145.0,93.0,ショートカット
2021-07-09 20:03:02 +0900,165.0,118.0,ショートカット
2021-07-10 21:29:53 +0900,141.0,91.0,ショートカット
2021-07-11 20:21:33 +0900,128.0,79.0,ショートカット
2021-07-12 20:19:04 +0900,134.0,86.0,ショートカット
2021-07-14 20:00:21 +0900,129.0,89.0,ショートカット
2021-07-17 20:31:15 +0900,125.0,89.0,ショートカット
2021-07-18 19:07:20 +0900,116.0,78.0,ショートカット
2021-07-22 19:15:30 +0900,142.0,100.0,ショートカット
2021-07-24 21:32:33 +0900,138.0,96.0,ショートカット
2021-07-26 21:45:37 +0900,135.0,100.0,ショートカット
2021-07-27 19:17:28 +0900,138.0,92.0,ショートカット
2021-07-29 23:12:08 +0900,129.0,81.0,ショートカット
2021-07-31 20:08:36 +0900,124.0,90.0,ショートカット
2021-08-05 19:38:08 +0900,124.0,84.0,ショートカット
2021-08-07 21:32:25 +0900,132.0,92.0,ショートカット
2021-08-08 22:02:32 +0900,120.0,82.0,ショートカット
2021-08-10 20:12:08 +0900,125.0,83.0,ショートカット
2021-08-11 21:10:30 +0900,118.0,86.0,ショートカット
2021-08-12 19:33:47 +0900,110.0,71.0,ショートカット
2021-08-15 21:30:45 +0900,92.0,62.0,ショートカット
2021-08-18 19:49:03 +0900,121.0,91.0,ショートカット
2021-08-19 20:20:10 +0900,115.0,86.0,ショートカット
2021-08-21 21:02:16 +0900,116.0,84.0,ショートカット
2021-08-22 20:26:13 +0900,115.0,75.0,ショートカット
2021-08-23 19:31:32 +0900,122.0,80.0,ショートカット
2021-08-25 19:12:26 +0900,147.0,105.0,ショートカット
2021-08-26 19:21:38 +0900,133.0,93.0,ショートカット
2021-08-27 20:28:52 +0900,112.0,76.0,ショートカット
2021-08-29 19:57:15 +0900,120.0,79.0,ショートカット
2021-08-31 19:29:53 +0900,122.0,80.0,ショートカット
2021-09-02 19:29:39 +0900,131.0,99.0,ショートカット
2021-09-04 20:20:58 +0900,115.0,73.0,ショートカット
2021-09-05 19:30:03 +0900,121.0,78.0,ショートカット
2021-09-06 19:27:47 +0900,137.0,97.0,ショートカット
2021-09-08 19:35:56 +0900,133.0,96.0,ショートカット
2021-09-09 19:19:07 +0900,130.0,78.0,ショートカット
2021-09-10 20:36:10 +0900,130.0,93.0,ショートカット
2021-09-12 19:05:09 +0900,133.0,114.0,ショートカット
2021-09-13 20:07:46 +0900,137.0,87.0,ショートカット
2021-09-14 22:44:13 +0900,147.0,120.0,ショートカット
2021-09-16 19:29:44 +0900,143.0,87.0,ショートカット
2021-09-17 20:21:59 +0900,134.0,91.0,ショートカット
2021-09-18 19:43:17 +0900,120.0,86.0,ショートカット
2021-09-19 20:09:19 +0900,114.0,86.0,ショートカット
2021-09-20 19:55:33 +0900,120.0,92.0,ショートカット
2021-09-21 19:11:00 +0900,135.0,86.0,ショートカット
2021-09-23 21:32:49 +0900,132.0,97.0,ショートカット
2021-09-24 22:24:02 +0900,127.0,89.0,ショートカット
2021-09-25 20:20:48 +0900,126.0,81.0,ショートカット
2021-09-28 09:15:31 +0900,126.0,99.0,ショートカット
2021-09-29 09:32:53 +0900,98.0,63.0,ショートカット
2021-09-30 10:04:09 +0900,101.0,72.0,ショートカット
2021-10-02 10:02:06 +0900,117.0,79.0,ショートカット
2021-10-03 10:27:38 +0900,132.0,82.0,ショートカット
2021-10-13 22:59:24 +0900,119.0,84.0,ショートカット
2021-10-14 19:46:14 +0900,134.0,86.0,ショートカット
2021-10-15 21:05:59 +0900,115.0,80.0,ショートカット
2021-10-16 21:34:19 +0900,121.0,71.0,ショートカット
2021-10-27 19:20:29 +0900,128.0,98.0,ショートカット
2021-10-29 22:58:47 +0900,143.0,101.0,ショートカット
2021-11-03 20:04:17 +0900,114.0,73.0,ショートカット
2021-11-14 20:16:22 +0900,128.0,89.0,ショートカット
2021-11-20 20:07:25 +0900,125.0,81.0,ショートカット
2021-11-21 20:56:01 +0900,109.0,73.0,ショートカット
2021-11-25 20:55:29 +0900,104.0,75.0,ショートカット
2021-12-05 21:09:31 +0900,115.0,78.0,ショートカット
2021-12-16 10:09:58 +0900,123.0,81.0,ショートカット
2021-12-17 22:59:00 +0900,132.0,103.0,ヘルスケア
2021-12-21 09:42:28 +0900,119.0,82.0,ショートカット
2022-01-04 21:21:18 +0900,126.0,96.0,ショートカット
2022-01-13 23:09:03 +0900,129.0,96.0,ショートカット
2022-01-16 20:53:20 +0900,141.0,99.0,ショートカット
2022-01-23 19:09:41 +0900,133.0,82.0,ショートカット
2022-01-30 20:45:38 +0900,142.0,98.0,ショートカット
2022-01-31 20:28:21 +0900,119.0,78.0,ショートカット
2022-02-05 19:23:45 +0900,119.0,81.0,ショートカット
2022-02-06 19:14:56 +0900,131.0,95.0,ショートカット
2022-02-13 09:27:52 +0900,128.0,78.0,ショートカット
2022-02-17 09:52:24 +0900,111.0,78.0,ショートカット
2022-02-28 19:35:03 +0900,138.0,99.0,Withings
2022-02-28 19:35:03 +0900,138.0,99.0,Withings
2022-02-28 19:35:03 +0900,138.0,99.0,Withings
2022-03-13 19:26:46 +0900,138.0,84.0,ショートカット
2022-04-05 20:54:20 +0900,124.0,89.0,ショートカット
2022-04-10 19:25:05 +0900,120.0,81.0,ショートカット
2022-04-16 19:37:22 +0900,129.0,89.0,ショートカット
2022-04-18 22:32:22 +0900,132.0,87.0,ショートカット
2022-04-29 18:53:36 +0900,111.0,73.0,ショートカット
2022-05-04 08:13:56 +0900,124.0,83.0,Withings
2022-05-04 08:13:56 +0900,124.0,83.0,Withings
2022-05-04 08:13:56 +0900,124.0,83.0,Withings
2022-05-24 19:14:50 +0900,143.0,99.0,ショートカット
2022-05-27 21:07:09 +0900,135.0,99.0,ショートカット
2022-05-29 19:05:58 +0900,140.0,102.0,ショートカット
2022-05-30 23:07:46 +0900,135.0,102.0,ショートカット
2022-06-05 19:18:08 +0900,140.0,95.0,ショートカット
2022-06-13 19:02:31 +0900,151.0,110.0,ショートカット
2022-06-14 19:05:48 +0900,138.0,102.0,ショートカット
2022-06-19 19:43:06 +0900,126.0,83.0,ショートカット
2022-06-20 23:54:09 +0900,151.0,110.0,ショートカット
2022-06-22 19:12:30 +0900,152.0,105.0,ショートカット
2022-06-23 19:46:51 +0900,166.0,119.0,ショートカット
2022-06-27 18:57:21 +0900,154.0,109.0,ショートカット
2022-07-07 19:17:47 +0900,141.0,106.0,ショートカット
2022-07-23 22:14:44 +0900,137.0,86.0,Withings
2022-07-23 22:14:44 +0900,137.0,86.0,Withings
2022-07-23 22:14:44 +0900,137.0,86.0,Withings
2022-07-31 18:55:19 +0900,124.0,87.0,ショートカット
2022-08-04 20:06:59 +0900,126.0,93.0,ショートカット
2022-08-08 22:59:06 +0900,135.0,102.0,ショートカット
2022-08-14 10:24:47 +0900,126.0,89.0,ショートカット
2022-08-22 18:33:54 +0900,140.0,92.0,Withings
2022-08-22 18:33:54 +0900,140.0,92.0,Withings
2022-08-22 18:33:54 +0900,140.0,92.0,Withings
2022-08-24 19:07:29 +0900,149.0,102.0,ショートカット
2022-08-31 19:36:24 +0900,136.0,96.0,ショートカット
2022-09-02 11:09:24 +0900,133.0,91.0,ショートカット
2022-09-02 16:42:06 +0900,129.0,96.0,ショートカット
2022-09-03 19:31:32 +0900,110.0,70.0,ショートカット
2022-09-07 19:02:16 +0900,136.0,103.0,ショートカット
2022-09-09 10:32:03 +0900,140.0,95.0,Withings
2022-09-09 10:32:03 +0900,140.0,95.0,Withings
2022-09-09 10:32:03 +0900,140.0,95.0,Withings
2022-09-10 19:17:53 +0900,140.0,110.0,ショートカット
2022-09-12 19:19:19 +0900,161.0,119.0,ショートカット
2022-09-13 08:22:51 +0900,141.0,111.0,Withings
2022-09-13 08:22:51 +0900,141.0,111.0,Withings
2022-09-13 08:22:51 +0900,141.0,111.0,Withings
2022-09-13 20:27:16 +0900,145.0,106.0,ショートカット
2022-09-14 19:56:45 +0900,147.0,106.0,ショートカット
2022-09-24 22:39:46 +0900,0.0,0.0,ショートカット
2022-09-24 22:41:28 +0900,125.0,89.0,ショートカット
2022-09-25 08:08:24 +0900,140.0,93.0,ショートカット
2022-09-25 14:36:59 +0900,141.0,84.0,ショートカット
2022-09-27 18:42:52 +0900,136.0,89.0,ショートカット
2022-10-01 12:02:18 +0900,143.0,109.0,ショートカット
2022-10-01 18:47:09 +0900,122.0,86.0,ショートカット
2022-10-05 14:44:06 +0900,136.0,79.0,ショートカット
2022-10-06 19:21:55 +0900,118.0,79.0,ショートカット
2022-10-11 09:57:28 +0900,116.0,70.0,ショートカット
2022-11-11 11:09:00 +0900,125.0,78.0,ヘルスケア
2026-03-02 21:15:06 +0900,96.0,75.0,Withings
2026-09-29 07:35:58 +0900,169.0,138.0,Withings
2026-09-30 07:51:36 +0900,164.0,108.0,Withings
2026-10-01 22:41:45 +0900,148.0,93.0,Withings
2026-10-02 07:41:38 +0900,160.0,122.0,Withings
2026-10-02 12:10:42 +0900,158.0,139.0,Withings
2026-10-02 19:43:16 +0900,148.0,99.0,Withings
2026-10-02 22:14:17 +0900,134.0,94.0,Withings
2026-10-03 09:17:19 +0900,183.0,116.0,Withings
2026-10-03 15:40:34 +0900,140.0,94.0,Withings
2026-10-04 14:32:21 +0900,155.0,106.0,Withings
2026-10-04 19:17:53 +0900,186.0,130.0,Withings
2026-10-05 07:28:38 +0900,175.0,132.0,Withings
2026-10-05 20:38:16 +0900,137.0,91.0,Withings
2026-10-06 07:25:08 +0900,165.0,146.0,Withings
2026-10-06 07:49:03 +0900,149.0,94.0,Withings
2026-10-06 23:36:28 +0900,142.0,91.0,Withings
