datetime,systolic,diastolic,pulse,source
2026-09-29 07:35:58,169,138,,Withings
2026-09-30 07:51:36,164,108,93,Withings
2026-10-01 22:41:45,148,93,82,Withings
2026-10-02 07:41:38,160,122,99,Withings
2026-10-02 12:10:42,158,139,95,Withings
2026-10-02 19:43:16,148,99,70,Withings
2026-10-02 22:14:17,134,94,86,Withings
2026-10-03 09:17:19,183,116,99,Withings
2026-10-03 15:40:34,140,94,96,Withings
2026-10-04 14:32:21,155,106,83,Withings
2026-10-04 19:17:53,186,130,91,Withings
2026-10-05 07:28:38,175,132,99,Withings
2026-10-05 20:38:16,137,91,90,Withings
2026-10-06 07:25:08,165,146,107,Withings
2026-10-06 07:49:03,149,94,99,Withings
2026-10-06 23:36:28,142,91,78,Withings
